"","BDSC","Deficiency","FBab","Est..cytological.location","Start","End","n","Median.Survival","MLE","Modifier","FollowUp","Chr","Omit"
"FBab0028744",5281,"Df(1)dx81","FBab0028744","5C3;6C12",5935388,6533998,51,9,-2,"Enhancer",FALSE,"X",FALSE
"FBab0030339",9169,"Df(1)ED6712","FBab0030339","3D3;3F1",3432535,3789615,59,9,-2,"Enhancer",FALSE,"X",FALSE
"FBab0045518",25414,"Df(1)BSC580","FBab0045518","4A5;4C13",4101613,4688080,41,9,-2,"Enhancer",FALSE,"X",FALSE
"FBab0045850",26864,"Df(1)BSC767","FBab0045850","11E8;12A7",13278810,13591554,55,10,-1,"No Effect",FALSE,"X",FALSE
"FBab0046239",29994,"Df(1)BSC871","FBab0046239","18D7;18F2",19617601,19788713,52,10,-1,"No Effect",FALSE,"X",FALSE
"FBab0000474",944,"Df(1)JC70","FBab0000474","4C11;5A4",4919558,5309241,62,11,0,"No Effect",FALSE,"X",FALSE
"FBab0037800",7708,"Df(1)Exel6234","FBab0037800","4F10;5A2",5428543,5516611,47,11,0,"No Effect",FALSE,"X",FALSE
"FBab0037805",7713,"Df(1)Exel6239","FBab0037805","5F2;6B2",6344333,6516951,56,11,0,"No Effect",FALSE,"X",FALSE
"FBab0037827",7768,"Df(1)Exel7468","FBab0037827","18B7;18C8",19264512,19509637,57,11,0,"No Effect",FALSE,"X",FALSE
"FBab0030905",8035,"Df(1)ED7294","FBab0030905","13B1;13C3",15175415,15450298,59,11,0,"No Effect",FALSE,"X",FALSE
"FBab0030428",8949,"Df(1)ED6802","FBab0030428","5A12;5D1",5679980,5965880,49,11,0,"No Effect",FALSE,"X",FALSE
"FBab0030353",8956,"Df(1)ED6727","FBab0030353","4B6;4D5",4325174,4911061,71,11,0,"No Effect",FALSE,"X",FALSE
"FBab0030759",9171,"Df(1)ED7147","FBab0030759","10D6;11A1",11714383,12004800,63,11,0,"No Effect",FALSE,"X",FALSE
"FBab0030773",9217,"Df(1)ED7161","FBab0030773","11A1;11B14",12007087,12750866,41,11,0,"No Effect",FALSE,"X",FALSE
"FBab0030194",9299,"Df(1)ED6565","FBab0030194","2B14;2F5",1894112,2317631,33,11,0,"No Effect",FALSE,"X",FALSE
"FBab0044998",23171,"Df(1)BSC275","FBab0044998","18C8;18D3",19496689,19580079,54,11,0,"No Effect",FALSE,"X",FALSE
"FBab0030837",24146,"Df(1)ED7225","FBab0030837","12C4;12E8",13784406,14322206,52,11,0,"No Effect",FALSE,"X",FALSE
"FBab0045127",24375,"Df(1)BSC351","FBab0045127","6C11;6D7",6748403,6860753,51,11,0,"No Effect",FALSE,"X",FALSE
"FBab0045422",25058,"Df(1)BSC530","FBab0045422","1A5;1B12",364350,623477,38,9,0,"No Effect",FALSE,"X",FALSE
"FBab0045697",25734,"Df(1)BSC644","FBab0045697","19C1;19E7",20243402,21061001,47,11,0,"No Effect",FALSE,"X",FALSE
"FBab0045791",26574,"Df(1)BSC722","FBab0045791","10B3;10E1",11350466,11754251,48,9,0,"No Effect",FALSE,"X",FALSE
"FBab0045908",27405,"Df(1)FDD-0331226","FBab0045908","15A3;15A11",16632102,16836239,61,11,0,"No Effect",FALSE,"X",FALSE
"FBab0045959",27886,"Df(1)BSC834","FBab0045959","3C11;3F3",3288956,3845727,44,9,0,"No Effect",FALSE,"X",FALSE
"FBab0046559",30587,"Df(1)BSC882","FBab0046559","6D3;6E4",6824174,7015408,53,11,0,"No Effect",FALSE,"X",FALSE
"FBab0026718",33829,"Df(1)815-6","FBab0026718","13E-13F;h26-h34",17103876,17160005,61,9,0,"No Effect",FALSE,"X",FALSE
"FBab0031262",34050,"Df(1)G1","FBab0031262","19A2;19A2",644873,654237,64,11,0,"No Effect",FALSE,"X",FALSE
"FBab0000979",6219,"Df(1)v-L1","FBab0000979","9F13;10A5",10925631,11108481,58,11.5,0.5,"No Effect",FALSE,"X",FALSE
"FBab0044923",23295,"Df(1)FDD-0024486","FBab0044923","14C4;14D1",16423105,16463156,40,11.5,0.5,"No Effect",FALSE,"X",FALSE
"FBab0045777",26560,"Df(1)BSC708","FBab0045777","19E7;20A4",21028296,21623866,54,11.5,0.5,"No Effect",FALSE,"X",FALSE
"FBab0030012",8031,"Df(1)ED411","FBab0030012","3A3;3A8",2469859,2642686,47,12,1,"No Effect",FALSE,"X",FALSE
"FBab0030570",8033,"Df(1)ED6957","FBab0030570","8B6;8C13",8891795,9135037,52,12,1,"No Effect",FALSE,"X",FALSE
"FBab0030829",8952,"Df(1)ED7217","FBab0030829","12A9;12C6",13642083,13822321,55,12,1,"No Effect",FALSE,"X",FALSE
"FBab0030841",9352,"Df(1)ED7229","FBab0030841","12E5;12F2",14222234,14653944,47,12,1,"No Effect",FALSE,"X",FALSE
"FBab0045002",23672,"Df(1)BSC287","FBab0045002","10A10;10B11",11182121,11426241,40,12,1,"No Effect",FALSE,"X",FALSE
"FBab0045125",24336,"Df(1)BSC310","FBab0045125","12F5;13A10",14842413,15089556,55,12,1,"No Effect",FALSE,"X",FALSE
"FBab0045852",26869,"Df(1)BSC772","FBab0045852","14B9;14C4",16302976,16423105,55,12,1,"No Effect",FALSE,"X",FALSE
"FBab0046236",29990,"Df(1)BSC867","FBab0046236","6E4;6F1",6981859,7041515,49,10,1,"No Effect",FALSE,"X",FALSE
"FBab0000349",949,"Df(1)C128","FBab0000349","7D1;7D5",7956278,8061644,60,11,2,"No Effect",FALSE,"X",FALSE
"FBab0037801",7709,"Df(1)Exel6235","FBab0037801","5A2;5A6",5516611,5593966,47,13,2,"No Effect",FALSE,"X",FALSE
"FBab0030618",9153,"Df(1)ED7005","FBab0030618","9B1;9D3",10071922,10585431,37,13,2,"No Effect",FALSE,"X",FALSE
"FBab0030872",9218,"Df(1)ED7261","FBab0030872","12F2;12F5",14653809,14839412,63,11,2,"No Effect",FALSE,"X",FALSE
"FBab0045129",24429,"Df(1)BSC405","FBab0045129","16D5;16F6",17830846,18092832,59,11,2,"No Effect",FALSE,"X",FALSE
"FBab0045466",25114,"Df(1)BSC571","FBab0045466","5A4;5A10",5545559,5662787,54,11,2,"No Effect",FALSE,"X",FALSE
"FBab0045537",25416,"Df(1)BSC582","FBab0045537","15A1;15E2",16680721,17091833,38,11,2,"No Effect",FALSE,"X",FALSE
"FBab0045785",26568,"Df(1)BSC716","FBab0045785","17A3;17D6",18243732,18800267,51,11,2,"No Effect",FALSE,"X",FALSE
"FBab0045786",26569,"Df(1)BSC717","FBab0045786","2F2;3A4",2251580,2545663,48,11,2,"No Effect",FALSE,"X",FALSE
"FBab0045826",26857,"Df(1)BSC760","FBab0045826","14DE1;14F2",16526332,16632102,43,11,2,"No Effect",FALSE,"X",FALSE
"FBab0045960",27887,"Df(1)BSC843","FBab0045960","1A1;1A3",255277,334685,55,11,2,"No Effect",FALSE,"X",FALSE
"FBab0046235",29989,"Df(1)BSC866","FBab0046235","7D5;7D16",8086993,8157322,50,11,2,"No Effect",FALSE,"X",FALSE
"FBab0045824",26855,"Df(1)BSC758","FBab0045824","14A6;14C1",16005260,16367112,56,11.5,2.5,"No Effect",FALSE,"X",FALSE
"FBab0000703",3196,"Df(1)Sxl-bt","FBab0000703","6E2;7A6",7004151,7195486,56,12,3,"Suppressor",FALSE,"X",FALSE
"FBab0030211",9348,"Df(1)ED6584","FBab0030211","3A8;3B1",2636213,2685435,54,12,3,"Suppressor",FALSE,"X",FALSE
"FBab0030343",24145,"Df(1)ED6716","FBab0030343","3F2;4B3",3799196,4204584,52,12,3,"Suppressor",FALSE,"X",FALSE
"FBab0045128",24376,"Df(1)BSC352","FBab0045128","16F7;17A8",18117467,18374885,57,12,3,"Suppressor",FALSE,"X",FALSE
"FBab0045551",25420,"Df(1)BSC586","FBab0045551","18F2;19D1",19788713,20429928,51,12,3,"Suppressor",FALSE,"X",FALSE
"FBab0030257",8948,"Df(1)ED6630","FBab0030257","3B1;3C5",2685540,3036910,8948,55,3,"Suppressor",FALSE,"X",FALSE
"FBab0030073",9053,"Df(1)ED6443","FBab0030073","1B14;1E1",656023,1026707,66,13,4,"Suppressor",FALSE,"X",FALSE
"FBab0030942",9219,"Df(1)ED7331","FBab0030942","13C3;13F1",15450255,15813523,59,13,4,"Suppressor",FALSE,"X",FALSE
"FBab0045829",26858,"Df(1)BSC761","FBab0045829","14D1;14F1",16463156,16593705,41,13,4,"Suppressor",FALSE,"X",FALSE
"FBab0040199",29733,"Df(1)ED13478","FBab0040199","16F6;16F7",18085406,18102011,52,13,4,"Suppressor",FALSE,"X",FALSE
"FBab0030900",29732,"Df(1)ED7289","FBab0030900","13A5;13A12",15024777,15125750,67,15,6,"Suppressor",FALSE,"X",FALSE
"FBab0037804",7712,"Df(1)Exel6238","FBab0037804","5D3;5E4",6068994,6268593,56,13,2,"No Effect",TRUE,"X",FALSE
"FBab0045570",25704,"Df(1)BSC629","FBab0045570","13E5;13F7",15675452,15836061,52,11,1.5,"No Effect",TRUE,"X",FALSE
"FBab0037790",7700,"Df(1)Exel6223","FBab0037790","1C4;1D2",769982,909250,51,12,1,"No Effect",TRUE,"X",FALSE
"FBab0045726",26506,"Df(1)BSC654","FBab0045726","5B6;5D2",5746868,6039307,52,9.5,0,"No Effect",TRUE,"X",FALSE
"FBab0045693",25730,"Df(1)BSC640","FBab0045693","5E1;5E7",6214338,6303949,52,10,-1,"No Effect",TRUE,"X",FALSE
"FBab0001695",3084,"Df(2L)ast2","FBab0001695","21D1;22B3",714983,1704901,46,5,-3,"Enhancer",FALSE,"2L",FALSE
"FBab0029744",6507,"Df(2L)drm-P2","FBab0029744","23F3;24A2",3466844,3622073,48,6,-2,"Enhancer",FALSE,"2L",FALSE
"FBab0037839",8469,"Df(2L)BSC50","FBab0037839","30F5;31B1",9984170,10200997,48,6,-2,"Enhancer",FALSE,"2L",FALSE
"FBab0038758",8674,"Df(2L)BSC109","FBab0038758","25C4;25C8",5073453,5145500,45,6,-2,"Enhancer",FALSE,"2L",FALSE
"FBab0031910",8901,"Df(2L)ED19","FBab0031910","21B3;21B7",159063,285763,53,6,-2,"Enhancer",FALSE,"2L",FALSE
"FBab0032709",8908,"Df(2L)ED94","FBab0032709","21E2;21E3",568095,1036969,59,6,-2,"Enhancer",FALSE,"2L",FALSE
"FBab0001786",6648,"Df(2L)dpp[d14]","FBab0001786","22F1;23A2",2488197,2581280,60,7,-1,"No Effect",FALSE,"2L",FALSE
"FBab0037634",7144,"Df(2L)BSC37","FBab0037634","22D1;22F2",2175620,2450828,49,7,-1,"No Effect",FALSE,"2L",FALSE
"FBab0038756",8672,"Df(2L)BSC106","FBab0038756","21B7;21C2",291846,417947,49,7,-1,"No Effect",FALSE,"2L",FALSE
"FBab0040372",8835,"Df(2L)BSC110","FBab0040372","25C1;25C4",5029595,5064620,64,7,-1,"No Effect",FALSE,"2L",FALSE
"FBab0040373",8836,"Df(2L)BSC111","FBab0040373","28F5;29B1",8240266,8362842,58,7,-1,"No Effect",FALSE,"2L",FALSE
"FBab0032546",9061,"Df(2L)ED793","FBab0032546","34E4;35B4",13934848,14689337,54,7,-1,"No Effect",FALSE,"2L",FALSE
"FBab0001903",1491,"Df(2L)r10","FBab0001903","35D1;36A7",15476957,16549466,49,8,0,"No Effect",FALSE,"2L",FALSE
"FBab0001429",4959,"Df(2L)C'","FBab0001429","h35;40A1",22943135,23515711,57,8,0,"No Effect",FALSE,"2L",FALSE
"FBab0037847",7492,"Df(2L)Exel6005","FBab0037847","22A3;22B1",1555098,1737249,45,8,0,"No Effect",FALSE,"2L",FALSE
"FBab0037854",7498,"Df(2L)Exel6012","FBab0037854","25D5;25E6",5305646,5555049,36,8,0,"No Effect",FALSE,"2L",FALSE
"FBab0037889",7744,"Df(2L)Exel6277","FBab0037889","23A2;23B1",2677694,2808100,39,8,0,"No Effect",FALSE,"2L",FALSE
"FBab0037932",7839,"Df(2L)Exel7070","FBab0037932","36E2;36E6",17903187,18161791,57,8,0,"No Effect",FALSE,"2L",FALSE
"FBab0032414",8906,"Df(2L)ED678","FBab0032414","29F5;30B12",8958155,9581740,52,8,0,"No Effect",FALSE,"2L",FALSE
"FBab0031954",9270,"Df(2L)ED250","FBab0031954","24F4;25A7",4477085,4821294,41,8,0,"No Effect",FALSE,"2L",FALSE
"FBab0044835",9507,"Df(2L)BSC148","FBab0044835","36C8;36E3",17428248,17965422,46,7,0,"No Effect",FALSE,"2L",FALSE
"FBab0045063",9594,"Df(2L)BSC159","FBab0045063","34B4;34C4",13290762,13536086,61,7,0,"No Effect",FALSE,"2L",FALSE
"FBab0045086",9641,"Df(2L)BSC213","FBab0045086","32B1;32C1",10809118,11001451,56,7,0,"No Effect",FALSE,"2L",FALSE
"FBab0031520",24114,"Df(2L)ED1161","FBab0031520","36A10;36C9",16685279,17473293,60,7,0,"No Effect",FALSE,"2L",FALSE
"FBab0001490",744,"Df(2L)M24F-B","FBab0001490","24E1;25A2",4323781,4477461,56,9,1,"No Effect",FALSE,"2L",FALSE
"FBab0001919",1164,"Df(2L)tkv3","FBab0001919","25A4;25D5",4780032,5288943,58,9,1,"No Effect",FALSE,"2L",FALSE
"FBab0001470",3180,"Df(2L)H20","FBab0001470","36A8;36F1",16692000,18359025,54,9,1,"No Effect",FALSE,"2L",FALSE
"FBab0001692",3548,"Df(2L)al","FBab0001692","21C1;21C7",306000,476219,53,9,1,"No Effect",FALSE,"2L",FALSE
"FBab0001792",5330,"Df(2L)ed1","FBab0001792","24A2;24D4",3619097,4031376,50,9,1,"No Effect",FALSE,"2L",FALSE
"FBab0029708",6963,"Df(2L)ED3","FBab0029708","35B2;35D1",14490575,15333760,52,9,1,"No Effect",FALSE,"2L",FALSE
"FBab0037853",7497,"Df(2L)Exel6011","FBab0037853","25C8;25D5",5147258,5305646,48,9,1,"No Effect",FALSE,"2L",FALSE
"FBab0037876",7521,"Df(2L)Exel6038","FBab0037876","35D6;35E2",15912343,16042754,37,9,1,"No Effect",FALSE,"2L",FALSE
"FBab0045714",7840,"Df(2L)Exel8038","FBab0045714","36E5;36F5",18123514,18455586,53,9,1,"No Effect",FALSE,"2L",FALSE
"FBab0044911",9503,"Df(2L)BSC143","FBab0044911","31B1;31D9",10209408,10333704,44,9,1,"No Effect",FALSE,"2L",FALSE
"FBab0044836",9505,"Df(2L)BSC145","FBab0044836","32C1;32C1",10967405,11001944,50,8,1,"No Effect",FALSE,"2L",FALSE
"FBab0045071",9605,"Df(2L)BSC172","FBab0045071","25B10;25C1",5000838,5037253,47,8,1,"No Effect",FALSE,"2L",FALSE
"FBab0044942",9635,"Df(2L)BSC208","FBab0044942","31D7;31D11",10321809,10381214,72,8,1,"No Effect",FALSE,"2L",FALSE
"FBab0031757",9682,"Df(2L)ED1378","FBab0031757","38F1;39D2",20823195,21397328,49,8,1,"No Effect",FALSE,"2L",FALSE
"FBab0045009",9704,"Df(2L)BSC227","FBab0045009","28E8;29B1",8155863,8346414,60,8,1,"No Effect",FALSE,"2L",FALSE
"FBab0044949",9708,"Df(2L)BSC233","FBab0044949","27F3;28D2",7388190,7887564,58,8,1,"No Effect",FALSE,"2L",FALSE
"FBab0045679",24626,"Df(2L)ED50001","FBab0045679","21A1;21B1",1,72671,66,8,1,"No Effect",FALSE,"2L",FALSE
"FBab0032146",24652,"Df(2L)ED441","FBab0032146","27A1;27E1",6709099,7084679,48,8,1,"No Effect",FALSE,"2L",FALSE
"FBab0046798",32256,"Df(2L)BSC892","FBab0046798","34A5;34B9",13060152,13382714,49,8,1,"No Effect",FALSE,"2L",FALSE
"FBab0045019",9715,"Df(2L)BSC240","FBab0045019","30C7;30F2",9744077,9960576,60,8.5,1.5,"No Effect",FALSE,"2L",FALSE
"FBab0022184",90,"Df(2L)C144","FBab0022184","22F4;23C3",2551864,2955278,54,10,2,"No Effect",FALSE,"2L",FALSE
"FBab0031737",9176,"Df(2L)ED136","FBab0031737","22F4;23A3",2492935,2753125,58,10,2,"No Effect",FALSE,"2L",FALSE
"FBab0031863",9266,"Df(2L)ED1473","FBab0031863","39B4;40A5",21250892,21828548,55,10,2,"No Effect",FALSE,"2L",FALSE
"FBab0032081",9341,"Df(2L)ED385","FBab0032081","26B1;26D7",5980272,6465772,63,10,2,"No Effect",FALSE,"2L",FALSE
"FBab0044888",9510,"Df(2L)BSC151","FBab0044888","40A5;40E5",21828581,22139023,41,9,2,"No Effect",FALSE,"2L",FALSE
"FBab0045069",9560,"Df(2L)BSC169","FBab0045069","25E5;25F3",5524385,5716224,47,9,2,"No Effect",FALSE,"2L",FALSE
"FBab0045066",9600,"Df(2L)BSC165","FBab0045066","24D4;24D8",4031318,4195308,54,9,2,"No Effect",FALSE,"2L",FALSE
"FBab0045081",9631,"Df(2L)BSC204","FBab0045081","29D5;29F8",8529124,9025734,54,9,2,"No Effect",FALSE,"2L",FALSE
"FBab0044951",9718,"Df(2L)BSC244","FBab0044951","32F2;33B6",11445733,12002748,51,9,2,"No Effect",FALSE,"2L",FALSE
"FBab0045030",23676,"Df(2L)BSC291","FBab0045030","27D6;27F2",7042642,7366119,60,9,2,"No Effect",FALSE,"2L",FALSE
"FBab0032510",24109,"Df(2L)ED761","FBab0032510","33A2;33E5",11808835,12436439,49,9,2,"No Effect",FALSE,"2L",FALSE
"FBab0032357",24132,"Df(2L)ED629","FBab0032357","29B4;29E4",8382851,8700124,50,9,2,"No Effect",FALSE,"2L",FALSE
"FBab0045755",26542,"Df(2L)BSC690","FBab0045755","35D4;35D4",15745455,15821840,35,9,2,"No Effect",FALSE,"2L",FALSE
"FBab0045428",25064,"Df(1)BSC536","FBab0045428","7B2;7C1",7338653,7891613,44,11,2,"No Effect",FALSE,"2L",FALSE
"FBab0031675",8679,"Df(2L)ED1303","FBab0031675","37E5;38C6",19517610,20382385,56,11,3,"Suppressor",FALSE,"2L",FALSE
"FBab0044863",9508,"Df(2L)BSC149","FBab0044863","36F5;36F10",18444727,18673286,47,10,3,"Suppressor",FALSE,"2L",FALSE
"FBab0045072",9610,"Df(2L)BSC180","FBab0045072","23B7;23C3",2868633,2958118,56,10,3,"Suppressor",FALSE,"2L",FALSE
"FBab0044943",9637,"Df(2L)BSC209","FBab0044943","31D7;31E1",10321809,10421268,49,10,3,"Suppressor",FALSE,"2L",FALSE
"FBab0045087",9642,"Df(2L)BSC214","FBab0045087","31F5;32B4",10516675,10913342,49,10,3,"Suppressor",FALSE,"2L",FALSE
"FBab0045020",9716,"Df(2L)BSC241","FBab0045020","32C1;32F2",11006679,11445740,50,10,3,"Suppressor",FALSE,"2L",FALSE
"FBab0045023",23152,"Df(2L)BSC252","FBab0045023","34D1;34F1",13819589,14013641,51,10,3,"Suppressor",FALSE,"2L",FALSE
"FBab0044969",23156,"Df(2L)BSC256","FBab0044969","36E3;36F2",18061946,18320008,56,10,3,"Suppressor",FALSE,"2L",FALSE
"FBab0040919",24124,"Df(2L)ED7853","FBab0040919","25A3;25B10",4701129,5000402,57,10,3,"Suppressor",FALSE,"2L",FALSE
"FBab0031564",8935,"Df(2L)ED1203","FBab0031564","36F7;37C5",18617225,19158447,54,12.5,4.5,"Suppressor",FALSE,"2L",FALSE
"FBab0031406",24118,"Df(2L)ED105","FBab0031406","21E2;22A1",852854,1420528,56,12,5,"Suppressor",FALSE,"2L",FALSE
"FBab0032224",8944,"Df(2L)ED508","FBab0032224","28B1;28C4",7576630,7800182,53,13,4,"Suppressor",TRUE,"2L",FALSE
"FBab0045091",9695,"Df(2L)BSC218","FBab0045091","24D8;24E1",4197800,4361214,51,11,2,"No Effect",TRUE,"2L",FALSE
"FBab0032493",8043,"Df(2L)ED746","FBab0032493","31F4;32A5",10506773,10732704,51,10,1,"No Effect",TRUE,"2L",FALSE
"FBab0037865",7510,"Df(2L)Exel6027","FBab0037865","32D2;32D5",11067029,11155825,51,8,-1,"No Effect",TRUE,"2L",FALSE
"FBab0037902",7789,"Df(2L)Exel7018","FBab0037902","24A1;24C2",3602642,3730180,46,8,-1,"No Effect",TRUE,"2L",FALSE
"FBab0045012",9707,"Df(2L)BSC230","FBab0045012","32A5;32C1",10767145,10975285,56,8,-1,"No Effect",TRUE,"2L",FALSE
"FBab0037846",7491,"Df(2L)Exel6004","FBab0037846","21E4;21F1",1074079,1158137,55,7,-2,"Enhancer",TRUE,"2L",FALSE
"FBab0037860",7504,"Df(2L)Exel6018","FBab0037860","28B1;28C1",7576630,7702880,54,7,-2,"Enhancer",TRUE,"2L",FALSE
"FBab0037892",7776,"Df(2L)Exel7006","FBab0037892","21F1;21F4",1158197,1311169,51,7,-2,"Enhancer",TRUE,"2L",FALSE
"FBab0045139",24369,"Df(2L)BSC345","FBab0045139","34E1;34E5",13878659,13952948,56,7,-2,"Enhancer",TRUE,"2L",FALSE
"FBab0045325",24985,"Df(2L)BSC481","FBab0045325","21F1;21F2",1151484,1185905,53,7,-2,"Enhancer",TRUE,"2L",FALSE
"FBab0037923",7826,"Df(2L)Exel7059","FBab0037923","34D1;34E1",13800829,13878188,47,6,-3,"Enhancer",TRUE,"2L",FALSE
"FBab0037999",7543,"Df(2R)Exel6061","FBab0037999","48F1;49A6",12261500,12437445,50,6,-4,"Enhancer",FALSE,"2R",FALSE
"FBab0038007",7551,"Df(2R)Exel6069","FBab0038007","56B5;56C11",19141949,19325623,43,7,-3,"Enhancer",FALSE,"2R",FALSE
"FBab0029795",6609,"Df(2R)BSC19","FBab0029795","56F12;57A4",20274486,20588391,47,8,-2,"Enhancer",FALSE,"2R",FALSE
"FBab0029927",6780,"Df(2R)14H10W-35","FBab0029927","54E5;55B7",17739916,18118347,38,8,-2,"Enhancer",FALSE,"2R",FALSE
"FBab0033542",8912,"Df(2R)ED2247","FBab0033542","48A3;48D5",11600106,11988720,53,7,-1,"No Effect",FALSE,"2R",FALSE
"FBab0045546",25430,"Df(2R)BSC597","FBab0045546","58A2;58F1",21806350,22592996,48,7,-1,"No Effect",FALSE,"2R",FALSE
"FBab0045708",25741,"Df(2R)BSC651","FBab0045708","51C5;51E2",14852956,15135301,56,7,-1,"No Effect",FALSE,"2R",FALSE
"FBab0045869",27352,"Df(2R)BSC780","FBab0045869","60C2;60D14",24203216,24685191,65,9,-1,"No Effect",FALSE,"2R",FALSE
"FBab0046623",30590,"Df(2R)BSC885","FBab0046623","57D2;57D10",21215223,21301798,49,9,-1,"No Effect",FALSE,"2R",FALSE
"FBab0022257",282,"Df(2R)X58-12","FBab0022257","58D1;59A1",22329416,22692523,52,10,0,"No Effect",FALSE,"2R",FALSE
"FBab0001997",2471,"Df(2R)M60E","FBab0001997","60E6;60E11",24921677,24976455,34,10,0,"No Effect",FALSE,"2R",FALSE
"FBab0038004",7548,"Df(2R)Exel6066","FBab0038004","53F8;54B6",17097569,17394642,60,10,0,"No Effect",FALSE,"2R",FALSE
"FBab0038045",7888,"Df(2R)Exel7144","FBab0038045","53C8;53D2",16571933,16691074,61,8,0,"No Effect",FALSE,"2R",FALSE
"FBab0032981",9062,"Df(2R)ED1673","FBab0032981","42E1;43D3",6985802,7533553,48,8,0,"No Effect",FALSE,"2R",FALSE
"FBab0033717",9064,"Df(2R)ED2426","FBab0033717","51E2;52B1",15128808,15610824,66,8,0,"No Effect",FALSE,"2R",FALSE
"FBab0034996",9067,"Df(2R)ED3728","FBab0034996","56D10;56E2",19462450,19726747,60,8,0,"No Effect",FALSE,"2R",FALSE
"FBab0044814",9410,"Df(2R)BSC132","FBab0044814","45F6;46B4",9594924,9860827,54,8,0,"No Effect",FALSE,"2R",FALSE
"FBab0045093",9626,"Df(2R)BSC199","FBab0045093","48C5;48E4",11892100,12172484,50,8,0,"No Effect",FALSE,"2R",FALSE
"FBab0044959",23682,"Df(2R)BSC298","FBab0044959","46B2;46C7",9734274,9958120,50,8,0,"No Effect",FALSE,"2R",FALSE
"FBab0045171",24380,"Df(2R)BSC356","FBab0045171","60B8;60C4",24068239,24257904,52,8,0,"No Effect",FALSE,"2R",FALSE
"FBab0045405",24929,"Df(2R)BSC425","FBab0045405","48F1;49A1",12259285,12380804,55,8,0,"No Effect",FALSE,"2R",FALSE
"FBab0045406",24933,"Df(2R)BSC429","FBab0045406","51C2;51D1",14770209,14873924,56,8,0,"No Effect",FALSE,"2R",FALSE
"FBab0045442",25078,"Df(2R)BSC550","FBab0045442","53C1;53C6",16336781,16494732,62,8,0,"No Effect",FALSE,"2R",FALSE
"FBab0045527",25441,"Df(2R)BSC608","FBab0045527","60E11;60F2",24976758,25052374,66,8,0,"No Effect",FALSE,"2R",FALSE
"FBab0045729",26513,"Df(2R)BSC661","FBab0045729","59D8;59F5",23354274,23659139,60,10,0,"No Effect",FALSE,"2R",FALSE
"FBab0045734",26516,"Df(2R)BSC664","FBab0045734","57D12;58A3",21341647,21872028,46,10,0,"No Effect",FALSE,"2R",FALSE
"FBab0045770",26553,"Df(2R)BSC701","FBab0045770","56F15;57A9",20278834,20667273,65,10,0,"No Effect",FALSE,"2R",FALSE
"FBab0045871",27354,"Df(2R)BSC782","FBab0045871","56D8;56D14",19451027,19501804,51,10,0,"No Effect",FALSE,"2R",FALSE
"FBab0045873",27356,"Df(2R)BSC784","FBab0045873","59B4;59B6",22886631,22936760,54,10,0,"No Effect",FALSE,"2R",FALSE
"FBab0045876",27359,"Df(2R)BSC787","FBab0045876","58F4;59B1",22661827,22798321,49,10,0,"No Effect",FALSE,"2R",FALSE
"FBab0045933",27582,"Df(2R)BSC821","FBab0045933","57D10;57E6",21301798,21497209,57,10,0,"No Effect",FALSE,"2R",FALSE
"FBab0046621",30588,"Df(2R)BSC883","FBab0046621","56E1;56F11",19632020,20242783,55,10,0,"No Effect",FALSE,"2R",FALSE
"FBab0046795",32253,"Df(2R)BSC889","FBab0046795","41F11;42A13",5782429,6181745,55,10,0,"No Effect",FALSE,"2R",FALSE
"FBab0038024",7749,"Df(2R)Exel6284","FBab0038024","51B1;51C2",14574750,14765567,58,9,1,"No Effect",FALSE,"2R",FALSE
"FBab0038075",7871,"Df(2R)Exel8057","FBab0038075","49F1;49F10",13034847,13219346,52,9,1,"No Effect",FALSE,"2R",FALSE
"FBab0038037",7875,"Df(2R)Exel7130","FBab0038037","50D4;50E4",14073080,14212783,55,9,1,"No Effect",FALSE,"2R",FALSE
"FBab0044866",9423,"Df(2R)BSC135","FBab0044866","56C11;56D5",19327738,19423577,55,9,1,"No Effect",FALSE,"2R",FALSE
"FBab0044872",9424,"Df(2R)BSC136","FBab0044872","59F5;60B6",23666959,24057464,57,9,1,"No Effect",FALSE,"2R",FALSE
"FBab0045040",23169,"Df(2R)BSC273","FBab0045040","49F4;50A13",13159579,13502150,59,9,1,"No Effect",FALSE,"2R",FALSE
"FBab0045044",23666,"Df(2R)BSC281","FBab0045044","46F1;47A9",10125229,10462874,52,9,1,"No Effect",FALSE,"2R",FALSE
"FBab0045048",23690,"Df(2R)BSC307","FBab0045048","50B6;50C18",13623008,13961601,53,9,1,"No Effect",FALSE,"2R",FALSE
"FBab0045160",24356,"Df(2R)BSC331","FBab0045160","53D14;54A1",16869330,17139923,48,9,1,"No Effect",FALSE,"2R",FALSE
"FBab0045166",24371,"Df(2R)BSC347","FBab0045166","54D2;54E9",17634499,17792649,51,9,1,"No Effect",FALSE,"2R",FALSE
"FBab0045544",25428,"Df(2R)BSC595","FBab0045544","47A3;47F1",10385967,11288578,56,9,1,"No Effect",FALSE,"2R",FALSE
"FBab0045547",25431,"Df(2R)BSC598","FBab0045547","58F3;59A1",22641779,22678681,56,9,1,"No Effect",FALSE,"2R",FALSE
"FBab0045764",26551,"Df(2R)BSC699","FBab0045764","48D7;48E6",12019881,12182590,30,11,1,"No Effect",FALSE,"2R",FALSE
"FBab0045771",26554,"Df(2R)BSC702","FBab0045771","57A2;57B3",20424117,20870855,64,11,1,"No Effect",FALSE,"2R",FALSE
"FBab0045851",26866,"Df(2R)BSC769","FBab0045851","59B7;59D9",22940931,23385467,48,11,1,"No Effect",FALSE,"2R",FALSE
"FBab0046234",29988,"Df(2R)BSC865","FBab0046234","59A4;59B7",22764935,22941028,64,11,1,"No Effect",FALSE,"2R",FALSE
"FBab0046558",30585,"Df(2R)BSC880","FBab0046558","49A9;49E1",12496830,12894105,40,11,1,"No Effect",FALSE,"2R",FALSE
"FBab0034885",9066,"Df(2R)ED3610","FBab0034885","54F1;55C8",17850905,18412033,48,9.5,1.5,"No Effect",FALSE,"2R",FALSE
"FBab0045180",24335,"Df(2R)BSC267","FBab0045180","44A4;44C4",8082894,8394261,64,9.5,1.5,"No Effect",FALSE,"2R",FALSE
"FBab0038038",7876,"Df(2R)Exel7131","FBab0038038","50E4;50F6",14230667,14360425,65,10,2,"No Effect",FALSE,"2R",FALSE
"FBab0032921",8045,"Df(2R)ED1612","FBab0032921","42A13;42E6",6220532,7049672,63,10,2,"No Effect",FALSE,"2R",FALSE
"FBab0033649",8913,"Df(2R)ED2354","FBab0033649","50E6;51B1",14259045,14574557,68,10,2,"No Effect",FALSE,"2R",FALSE
"FBab0033748",8915,"Df(2R)ED2457","FBab0033748","52D11;52E7",16000309,16130157,47,10,2,"No Effect",FALSE,"2R",FALSE
"FBab0033020",8931,"Df(2R)ED1715","FBab0033020","43A4;43F1",7326951,7916923,53,10,2,"No Effect",FALSE,"2R",FALSE
"FBab0035058",9267,"Df(2R)ED3791","FBab0035058","57B1;57D4",20698411,21250981,61,10,2,"No Effect",FALSE,"2R",FALSE
"FBab0033045",9276,"Df(2R)ED1742","FBab0033045","44B8;44E3",8174168,8724129,66,10,2,"No Effect",FALSE,"2R",FALSE
"FBab0044974",23686,"Df(2R)BSC303","FBab0044974","46E1;46F3",10078293,10147904,51,10,2,"No Effect",FALSE,"2R",FALSE
"FBab0045046",23688,"Df(2R)BSC305","FBab0045046","49A4;49A10",12425600,12505133,58,10,2,"No Effect",FALSE,"2R",FALSE
"FBab0045680",24758,"Df(2R)ED50004","FBab0045680","60F5;60F5",25225828,25225828,55,10,2,"No Effect",FALSE,"2R",FALSE
"FBab0045548",25432,"Df(2R)BSC599","FBab0045548","59B1;60F5",22798321,22854179,62,10,2,"No Effect",FALSE,"2R",FALSE
"FBab0045523",25437,"Df(2R)BSC604","FBab0045523","60D4;60E11",24532173,24968432,53,10,2,"No Effect",FALSE,"2R",FALSE
"FBab0033029",8941,"Df(2R)ED1725","FBab0033029","43E4;44B5",7613924,8156045,60,10.5,2.5,"No Effect",FALSE,"2R",FALSE
"FBab0044847",9539,"Df(2R)BSC152","FBab0044847","46C1;46D6",9875312,10030539,34,10.5,2.5,"No Effect",FALSE,"2R",FALSE
"FBab0001992",741,"Df(2R)M41A10","FBab0001992","h38R;h46",1,5177964,58,13,3,"Suppressor",FALSE,"2R",FALSE
"FBab0002048",1702,"Df(2R)X1","FBab0002048","46C2;47A1",9927457,10249434,42,13,3,"Suppressor",FALSE,"2R",FALSE
"FBab0044965",9596,"Df(2R)BSC161","FBab0044965","54B2;54B17",17304783,17484828,56,11,3,"Suppressor",FALSE,"2R",FALSE
"FBab0045043",23665,"Df(2R)BSC280","FBab0045043","45C4;45F4",9292659,9578616,53,11,3,"Suppressor",FALSE,"2R",FALSE
"FBab0044975",23691,"Df(2R)BSC308","FBab0044975","52B5;52D15",15680216,16031279,46,11,3,"Suppressor",FALSE,"2R",FALSE
"FBab0045350",24931,"Df(2R)BSC427","FBab0045350","52A10;52D2",15534718,15922119,60,11,3,"Suppressor",FALSE,"2R",FALSE
"FBab0045329",24989,"Df(2R)BSC485","FBab0045329","49B10;49E6",12632752,12981182,70,11,3,"Suppressor",FALSE,"2R",FALSE
"FBab0045571",25705,"Df(2R)BSC630","FBab0045571","41D3;41F11",5127919,5782413,52,11,3,"Suppressor",FALSE,"2R",FALSE
"FBab0033778",29661,"Df(2R)ED2487","FBab0033778","52E6;53C4",16124934,16386412,49,13,3,"Suppressor",FALSE,"2R",FALSE
"FBab0047263",38465,"Df(2R)ED3385","FBab0047263","54C3;54D4",17548240,17665777,64,13,3,"Suppressor",FALSE,"2R",FALSE
"FBab0001981",4961,"Df(2R)Kr10","FBab0001981","60E10;60F5",25061964,25288935,NA,NA,NA,"Lethal",FALSE,"2R",FALSE
"FBab0038033",7870,"Df(2R)Exel7123","FBab0038033","49D5;49E6",12862210,12981182,49,9,0,"No Effect",TRUE,"2R",FALSE
"FBab0037971",7916,"Df(2R)Exel8056","FBab0037971","49C2;49E1",12743219,12894104,52,9,0,"No Effect",TRUE,"2R",FALSE
"FBab0044856",9541,"Df(2R)BSC154","FBab0044856","54B2;54B7",17304783,17420811,36,9,0,"No Effect",TRUE,"2R",FALSE
"FBab0045528",25442,"Df(2R)BSC609","FBab0045528","52F6;53A5",16187754,16282278,55,9,0,"No Effect",TRUE,"2R",FALSE
"FBab0044955",23164,"Df(2R)BSC265","FBab0044955","43E16;43F4",7782827,7939047,47,9,0,"No Effect",TRUE,"2R",FALSE
"FBab0037992",7536,"Df(2R)Exel6054","FBab0037992","43E9;43E18",7665795,7812472,53,8,-1,"No Effect",TRUE,"2R",FALSE
"FBab0038044",7886,"Df(2R)Exel7142","FBab0038044","53B1;53C4",16289254,16425289,55,7,-2,"Enhancer",TRUE,"2R",FALSE
"FBab0037993",7537,"Df(2R)Exel6055","FBab0037993","43F1;44A4",7886344,8061165,52,6,-3,"Enhancer",TRUE,"2R",FALSE
"FBab0038104",7563,"Df(3L)Exel6084","FBab0038104","61B2;61C1",180193,346863,51,9,0,"No Effect",TRUE,"3L",FALSE
"FBab0038122",7581,"Df(3L)Exel6102","FBab0038122","64B13;64C4",4692405,4976311,46,9,0,"No Effect",TRUE,"3L",FALSE
"FBab0045741",26527,"Df(3L)BSC675","FBab0045741","68C10;68D2",11491583,11691527,50,9,0,"No Effect",TRUE,"3L",FALSE
"FBab0038103",7562,"Df(3L)Exel6083","FBab0038103","61A6;61B2",104350,180193,51,8,-1,"No Effect",TRUE,"3L",FALSE
"FBab0038106",7565,"Df(3L)Exel6086","FBab0038106","61C9;61E1",749809,959651,59,8,-1,"No Effect",TRUE,"3L",FALSE
"FBab0035663",8702,"Df(3L)ED4414","FBab0035663","66D12;66E6",8745326,8978987,54,8,-1,"No Effect",TRUE,"3L",FALSE
"FBab0045189",24387,"Df(3L)BSC363","FBab0045189","61E3;61F6",1074840,1334579,53,8,-1,"No Effect",TRUE,"3L",FALSE
"FBab0045274",24954,"Df(3L)BSC450","FBab0045274","78E5;79A2",21732753,21879291,50,8,-1,"No Effect",TRUE,"3L",FALSE
"FBab0045796",26579,"Df(3L)BSC727","FBab0045796","68D3;68F2",11715150,12081822,53,8,-1,"No Effect",TRUE,"3L",FALSE
"FBab0043188",9295,"Df(3L)BSC130","FBab0043188","66E5;66F6",8964629,9125478,55,7,-2,"Enhancer",TRUE,"3L",FALSE
"FBab0045204",24414,"Df(3L)BSC390","FBab0045204","66F4;67B2",9073202,9372613,53,7,-2,"Enhancer",TRUE,"3L",FALSE
"FBab0045259",24939,"Df(3L)BSC435","FBab0045259","78C6;78F1",21304742,21770618,35,6,-3,"Enhancer",TRUE,"3L",FALSE
"FBab0038210",7634,"Df(3R)Exel6155","FBab0038210","85F1;85F10",9928791,10089458,48,6,-2,"Enhancer",FALSE,"3R",FALSE
"FBab0045856",26836,"Df(3R)BSC738","FBab0045856","83E5;84A1",6380535,6685151,49,7,-2,"Enhancer",FALSE,"3R",FALSE
"FBab0045815",26847,"Df(3R)BSC749","FBab0045815","100B1;100C1",31011935,31311048,60,7,-2,"Enhancer",FALSE,"3R",FALSE
"FBab0002465",2597,"Df(3R)10-65","FBab0002465","81F;81F",3461351,4208469,60,6,-1,"No Effect",FALSE,"3R",FALSE
"FBab0037440",9211,"Df(3R)ED6220","FBab0037440","96A7;96C3",24543798,25183773,34,7,-1,"No Effect",FALSE,"3R",FALSE
"FBab0036339",9226,"Df(3R)ED5100","FBab0036339","81F6;82E7",4197273,5087085,40,7,-1,"No Effect",FALSE,"3R",FALSE
"FBab0045104",9623,"Df(3R)BSC197","FBab0045104","85A5;85A9",8658895,8729483,43,7,-1,"No Effect",FALSE,"3R",FALSE
"FBab0045313",25001,"Df(3R)BSC497","FBab0045313","97E6;98B5",27165617,27905585,46,7,-1,"No Effect",FALSE,"3R",FALSE
"FBab0036807",8029,"Df(3R)ED5577","FBab0036807","86F9;87B13",11828741,12477578,51,8,0,"No Effect",FALSE,"3R",FALSE
"FBab0045682",24516,"Df(3R)ED50003","FBab0045682","100E1;100E3",31985757,31985757,39,8,0,"No Effect",FALSE,"3R",FALSE
"FBab0045305",24993,"Df(3R)BSC489","FBab0045305","94F3;95D1",23447880,23943004,46,8,0,"No Effect",FALSE,"3R",FALSE
"FBab0045578",25695,"Df(3R)BSC620","FBab0045578","99C5;99D3",29877018,30034890,52,8,0,"No Effect",FALSE,"3R",FALSE
"FBab0045687",25724,"Df(3R)BSC633","FBab0045687","84B2;84C3",7080388,7123376,38,8,0,"No Effect",FALSE,"3R",FALSE
"FBab0045816",26848,"Df(3R)BSC750","FBab0045816","88E2;88E5",15135159,15249960,46,9,0,"No Effect",FALSE,"3R",FALSE
"FBab0045885",27365,"Df(3R)BSC793","FBab0045885","100B5;100C4",31200119,31458140,49,9,0,"No Effect",FALSE,"3R",FALSE
"FBab0038258",7682,"Df(3R)Exel6203","FBab0038258","96E2;96E6",25515898,25637876,53,8,1,"No Effect",FALSE,"3R",FALSE
"FBab0037452",8105,"Df(3R)ED6232","FBab0037452","96F10;97D2",26036876,26798982,31,8,1,"No Effect",FALSE,"3R",FALSE
"FBab0036751",9084,"Df(3R)ED5518","FBab0036751","86C7;86E13",10884998,11619900,39,8,1,"No Effect",FALSE,"3R",FALSE
"FBab0002698",2352,"Df(3R)X3F","FBab0002698","99D1;99E1",29935888,30056858,59,8,1,"No Effect",FALSE,"3R",FALSE
"FBab0038252",7676,"Df(3R)Exel6197","FBab0038252","95D8;95E1",24031427,24141369,69,8,1,"No Effect",FALSE,"3R",FALSE
"FBab0038257",7681,"Df(3R)Exel6202","FBab0038257","96D1;96E2",25292997,25515673,53,8,1,"No Effect",FALSE,"3R",FALSE
"FBab0044858",9500,"Df(3R)BSC140","FBab0044858","96F1;96F10",25735650,26055871,63,9,1,"No Effect",FALSE,"3R",FALSE
"FBab0045330",24968,"Df(3R)BSC464","FBab0045330","83B7;83E1",5648361,6211946,47,9,1,"No Effect",FALSE,"3R",FALSE
"FBab0045335",24973,"Df(3R)BSC469","FBab0045335","86D8;87A2",11230695,11949049,36,8,1,"No Effect",FALSE,"3R",FALSE
"FBab0045342",24980,"Df(3R)BSC476","FBab0045342","85D16;85D24",9417673,9554982,52,9,1,"No Effect",FALSE,"3R",FALSE
"FBab0045317",25005,"Df(3R)BSC501","FBab0045317","98F10;99B9",29112527,29724685,44,9,1,"No Effect",FALSE,"3R",FALSE
"FBab0045562",25696,"Df(3R)BSC621","FBab0045562","85F5;85F14",10001239,10144754,53,9,1,"No Effect",FALSE,"3R",FALSE
"FBab0045814",26846,"Df(3R)BSC748","FBab0045814","89E5;89E11",16977724,17065002,54,10,1,"No Effect",FALSE,"3R",FALSE
"FBab0045881",27404,"Df(3R)FDD-0317950","FBab0045881","96C8;96D1",25266714,25292997,54,10,1,"No Effect",FALSE,"3R",FALSE
"FBab0038214",7638,"Df(3R)Exel6159","FBab0038214","86C3;86C7",10638895,10889353,34,9,2,"No Effect",FALSE,"3R",FALSE
"FBab0037317",8684,"Df(3R)ED6096","FBab0037317","94B5;94E7",22587681,23221969,53,9,2,"No Effect",FALSE,"3R",FALSE
"FBab0037306",8923,"Df(3R)ED6085","FBab0037306","93F14;94B5",21880995,22587739,59,9,2,"No Effect",FALSE,"3R",FALSE
"FBab0044878",9497,"Df(3R)BSC137","FBab0044878","94F1;95A4",23369716,23605672,54,10,2,"No Effect",FALSE,"3R",FALSE
"FBab0044884",9501,"Df(3R)BSC141","FBab0044884","92F2;93A1",20594880,20806396,58,10,2,"No Effect",FALSE,"3R",FALSE
"FBab0036893",24137,"Df(3R)ED5664","FBab0036893","88D1;88E3",14697309,15228849,52,10,2,"No Effect",FALSE,"3R",FALSE
"FBab0036710",9082,"Df(3R)ED5474","FBab0036710","85F11;86B1",10109412,10350724,34,9,2,"No Effect",FALSE,"3R",FALSE
"FBab0023951",3547,"Df(3R)L127","FBab0023951","99B5;99F1",29565244,30387803,48,9.5,2.5,"No Effect",FALSE,"3R",FALSE
"FBab0038269",7692,"Df(3R)Exel6214","FBab0038269","99D5;99E2",30099382,30202968,48,10,3,"Suppressor",FALSE,"3R",FALSE
"FBab0045747",26533,"Df(3R)BSC681","FBab0045747","83E2;83E5",6285345,6380535,40,10,3,"Suppressor",FALSE,"3R",FALSE
"FBab0037407",9347,"Df(3R)ED6187","FBab0037407","95D10;96A7",24051648,24543943,63,11,3,"Suppressor",FALSE,"3R",FALSE
"FBab0045283",24965,"Df(3R)BSC461","FBab0045283","96B15;96D1",25003409,25292911,55,11,3,"Suppressor",FALSE,"3R",FALSE
"FBab0045319",25007,"Df(3R)BSC503","FBab0045319","99E3;99F6",30250951,30492809,61,11,3,"Suppressor",FALSE,"3R",FALSE
"FBab0045323",25011,"Df(3R)BSC507","FBab0045323","85D6;85D15",9259246,9394580,64,11,3,"Suppressor",FALSE,"3R",FALSE
"FBab0036748",8957,"Df(3R)ED5514","FBab0036748","86C7;86E11",10884998,11569253,54,10,3,"Suppressor",FALSE,"3R",FALSE
"FBab0038280",7731,"Df(3R)Exel6264","FBab0038280","85D24;85E5",9550705,9704950,37,11,4,"Suppressor",FALSE,"3R",FALSE
"FBab0037582",8685,"Df(3R)ED7665","FBab0037582","84B4;84E11",7090527,8094083,51,11,4,"Suppressor",FALSE,"3R",FALSE
"FBab0037475",9210,"Df(3R)ED6255","FBab0037475","97D2;97F1",26799036,27281901,48,11,4,"Suppressor",FALSE,"3R",FALSE
"FBab0002687",3486,"Df(3R)Ubx109","FBab0002687","89E1;89E2",16639771,16831115,54,11,4,"Suppressor",FALSE,"3R",FALSE
"FBab0036664",9227,"Df(3R)ED5428","FBab0036664","85E1;85F8",9630791,10048611,37,12,5,"Suppressor",FALSE,"3R",FALSE
"FBab0044185",9482,"Df(3R)ED10642","FBab0044185","89B17;89D5",16453757,16625271,50,13,5,"Suppressor",FALSE,"3R",FALSE
"FBab0037246",8964,"Df(3R)ED6025","FBab0037246","92A11;92E2",19642728,20309519,58,12,5,"Suppressor",FALSE,"3R",FALSE
"FBab0036852",37537,"Df(3R)ED5623","FBab0036852","87E3;88A4",13259749,13983912,56,14,6,"Suppressor",FALSE,"3R",FALSE
"FBab0036416",8103,"Df(3R)ED5177","FBab0036416","83B4;83B6",5600629,5624095,57,13,6,"Suppressor",FALSE,"3R",FALSE
"FBab0045302",24990,"Df(3R)BSC486","FBab0045302","87B10;87E9",12430124,13401874,55,14,7,"Suppressor",FALSE,"3R",FALSE
"FBab0002482",2155,"Df(3R)A113","FBab0002482","100A;100F",30854400,32081330,NA,NA,NA,"Lethal",FALSE,"3R",FALSE
"FBab0009005",2234,"Df(3R)R133","FBab0009005","99E1;3Rt",30209020,32081330,NA,NA,NA,"Lethal",FALSE,"3R",FALSE
"FBab0045706",25740,"Df(3R)BSC650","FBab0045706","90C6;91A2",17806844,18298400,NA,NA,NA,"Lethal",FALSE,"3R",FALSE
"FBab0038223",7647,"Df(3R)Exel6168","FBab0038223","87E3;87E8",13279731,13379782,51,10,1,"No Effect",TRUE,"3R",FALSE
"FBab0002713",1931,"Df(3R)by10","FBab0002713","85D8;85E13",9495877,9797924,35,8,-1.5,"No Effect",TRUE,"3R",FALSE
"FBab0038348",7994,"Df(3R)Exel9056","FBab0038348","96C4;96C5",25196999,25209285,45,8,-1.5,"No Effect",TRUE,"3R",FALSE
"FBab0046050",29027,"Df(3R)BSC848","FBab0046050","96C7;96D1",25233823,25292911,49,8,-1.5,"No Effect",TRUE,"3R",FALSE
"FBab0038253",7677,"Df(3R)Exel6198","FBab0038253","95E1;95F8",24141369,24271205,60,7,-2.5,"Enhancer",TRUE,"3R",FALSE
"FBab0038285",7736,"Df(3R)Exel6269","FBab0038285","89B12;89B18",16305713,16502732,40,7,-2.5,"Enhancer",TRUE,"3R",FALSE
"FBab0038333",7987,"Df(3R)Exel8163","FBab0038333","89B17;89B18",16473046,16502610,51,7,-2.5,"Enhancer",TRUE,"3R",FALSE
"FBab0038344",7951,"Df(3R)Exel9029","FBab0038344","83A1;83A3",5404198,5437597,54,6,-3.5,"Enhancer",TRUE,"3R",FALSE
"FBab0038330",7974,"Df(3R)Exel8158","FBab0038330","87E3;87E8",13241761,13364340,47,6,-3.5,"Enhancer",TRUE,"3R",FALSE
"FBab0038335",7993,"Df(3R)Exel8178","FBab0038335","95F8;96A6",24271205,24527831,57,6,-3.5,"Enhancer",TRUE,"3R",FALSE
"FBab0035953",8100,"Df(3L)ED4710","FBab0035953","74D1;75B11",17487463,18139299,33,6,-3,"Enhancer",FALSE,"3L",FALSE
"FBab0045193",24392,"Df(3L)BSC368","FBab0045193","63F1;64A4",3759821,4040634,52,7,-3,"Enhancer",FALSE,"3L",FALSE
"FBab0045889",27369,"Df(3L)BSC797","FBab0045889","77C3;78A1",20452823,20949733,44,7,-3,"Enhancer",FALSE,"3L",FALSE
"FBab0023708",5411,"Df(3L)Aprt-32","FBab0023708","62B1;62E3",1795328,2554846,43,7,-2,"Enhancer",FALSE,"3L",FALSE
"FBab0002280",7002,"Df(3L)1-16","FBab0002280","80F;80F",24074180,25798440,54,7,-2,"Enhancer",FALSE,"3L",FALSE
"FBab0035850",8078,"Df(3L)ED4606","FBab0035850","72D4;73C4",16087484,16780123,32,7,-2,"Enhancer",FALSE,"3L",FALSE
"FBab0043178",8976,"Df(3L)BSC119","FBab0043178","62E7;62F5",2600282,2823614,50,8,-2,"Enhancer",FALSE,"3L",FALSE
"FBab0045095",9693,"Df(3L)BSC181","FBab0045095","62A11;62B7",1688724,1841694,53,8,-2,"Enhancer",FALSE,"3L",FALSE
"FBab0045203",24413,"Df(3L)BSC389","FBab0045203","66C12;66D8",8422185,8589597,51,8,-2,"Enhancer",FALSE,"3L",FALSE
"FBab0045458",25116,"Df(3L)BSC553","FBab0045458","78A2;78C2",20991964,21225992,46,8,-2,"Enhancer",FALSE,"3L",FALSE
"FBab0045739",26525,"Df(3L)BSC673","FBab0045739","67C7;67D10",9763614,10180958,50,8,-2,"Enhancer",FALSE,"3L",FALSE
"FBab0045927",27576,"Df(3L)BSC815","FBab0045927","66C3;66D4",8263064,8506640,54,8,-2,"Enhancer",FALSE,"3L",FALSE
"FBab0046622",30589,"Df(3L)BSC884","FBab0046622","64D6;64E7",5608275,5777084,62,8,-2,"Enhancer",FALSE,"3L",FALSE
"FBab0029722",6457,"Df(3L)BSC12","FBab0029722","69F6;70A2",13044488,13227764,52,8,-1,"No Effect",FALSE,"3L",FALSE
"FBab0038152",7611,"Df(3L)Exel6132","FBab0038152","74B2;74D2",17421582,17533027,47,8,-1,"No Effect",FALSE,"3L",FALSE
"FBab0035750",8097,"Df(3L)ED4502","FBab0035750","70A3;70C10",13227765,13993551,60,8,-1,"No Effect",FALSE,"3L",FALSE
"FBab0045188",24386,"Df(3L)BSC362","FBab0045188","61C1;61C7",306169,628171,50,9,-1,"No Effect",FALSE,"3L",FALSE
"FBab0045202",24412,"Df(3L)BSC388","FBab0045202","66A8;66B11",7650414,8191187,61,9,-1,"No Effect",FALSE,"3L",FALSE
"FBab0045275",24955,"Df(3L)BSC451","FBab0045275","79B2;79F5",22076095,22691687,38,9,-1,"No Effect",FALSE,"3L",FALSE
"FBab0045765",26523,"Df(3L)BSC671","FBab0045765","63A2;63B11",2982129,3193143,45,9,-1,"No Effect",FALSE,"3L",FALSE
"FBab0045853",26828,"Df(3L)BSC730","FBab0045853","68F7;69E6",12162977,12843324,35,9,-1,"No Effect",FALSE,"3L",FALSE
"FBab0045892",27372,"Df(3L)BSC800","FBab0045892","62A9;62A9",1628101,1647451,39,9,-1,"No Effect",FALSE,"3L",FALSE
"FBab0045928",27577,"Df(3L)BSC816","FBab0045928","66D9;66D12",8639081,8745362,42,9,-1,"No Effect",FALSE,"3L",FALSE
"FBab0022328",2596,"Df(3L)6B-29+Df(3R)6B-29","FBab0022328","h53;h58",25115180,27967243,60,9,0,"No Effect",FALSE,"3L",FALSE
"FBab0002333",3650,"Df(3L)M21","FBab0002333","62F;63B10",2959579,3220910,63,9,0,"No Effect",FALSE,"3L",FALSE
"FBab0038105",7564,"Df(3L)Exel6085","FBab0038105","61C3;61C9",548528,749303,46,9,0,"No Effect",FALSE,"3L",FALSE
"FBab0035326",8059,"Df(3L)ED208","FBab0035326","63C1;63F5",3249148,3893148,54,9,0,"No Effect",FALSE,"3L",FALSE
"FBab0035595",8060,"Df(3L)ED4341","FBab0035595","63F6;64B9",3905091,4542236,51,9,0,"No Effect",FALSE,"3L",FALSE
"FBab0035734",8072,"Df(3L)ED4486","FBab0035734","69C4;69F6",12514419,13032485,69,9,0,"No Effect",FALSE,"3L",FALSE
"FBab0045295",8970,"Df(3L)BSC113","FBab0045295","64E7;65B3",5770673,6490185,56,10,0,"No Effect",FALSE,"3L",FALSE
"FBab0045867",8974,"Df(3L)BSC117","FBab0045867","75A2;75E4",17795144,18898326,32,10,0,"No Effect",FALSE,"3L",FALSE
"FBab0043176",8975,"Df(3L)BSC118","FBab0043176","65E9;65F5",7249475,7334986,55,10,0,"No Effect",FALSE,"3L",FALSE
"FBab0043177",9700,"Df(3L)BSC223","FBab0043177","67B11;67C5",9515672,9697191,55,10,0,"No Effect",FALSE,"3L",FALSE
"FBab0045050",24395,"Df(3L)BSC371","FBab0045050","79A3;79B3",21916425,22085436,62,10,0,"No Effect",FALSE,"3L",FALSE
"FBab0045216",24416,"Df(3L)BSC392","FBab0045216","64C1;64E1",4868210,5634506,49,10,0,"No Effect",FALSE,"3L",FALSE
"FBab0045218",24915,"Df(3L)BSC411","FBab0045218","67C4;67D1",9678703,9899255,52,10,0,"No Effect",FALSE,"3L",FALSE
"FBab0045296",24918,"Df(3L)BSC414","FBab0045296","65A2;65C1",5975960,6625625,59,10,0,"No Effect",FALSE,"3L",FALSE
"FBab0045407",24923,"Df(3L)BSC419","FBab0045407","73E1;74C3",16969873,17476126,50,10,0,"No Effect",FALSE,"3L",FALSE
"FBab0045288",24953,"Df(3L)BSC449","FBab0045288","78C2;78D8",21224932,21604778,46,10,0,"No Effect",FALSE,"3L",FALSE
"FBab0045273",26524,"Df(3L)BSC672","FBab0045273","77F2;78C2",20856988,21202930,50,10,0,"No Effect",FALSE,"3L",FALSE
"FBab0045738",27347,"Df(3L)BSC775","FBab0045738","63A7;63B12",3081311,3206906,45,10,0,"No Effect",FALSE,"3L",FALSE
"FBab0000006",6755,"Df(3L)BSC23","FBab0000006","64C;65C",5129943,6895395,50,9.5,0.5,"No Effect",FALSE,"3L",FALSE
"FBab0029837",24914,"Df(3L)BSC410","FBab0029837","62E8;63B6",2591159,3193241,50,10.5,0.5,"No Effect",FALSE,"3L",FALSE
"FBab0002292",997,"Df(3L)AC1","FBab0002292","67A2;67D13",9193372,10216770,58,10,1,"No Effect",FALSE,"3L",FALSE
"FBab0045961",3096,"Df(3L)ZN47","FBab0045961","71D3;72A1",15511028,15825923,47,10,1,"No Effect",FALSE,"3L",FALSE
"FBab0029990",6964,"Df(3L)BSC33","FBab0029990","65E10;65F6",7249214,7360072,47,10,1,"No Effect",FALSE,"3L",FALSE
"FBab0038112",7571,"Df(3L)Exel6092","FBab0038112","62F5;63A3",2821245,3047162,54,10,1,"No Effect",FALSE,"3L",FALSE
"FBab0038129",7588,"Df(3L)Exel6109","FBab0038129","65C3;65D3",6743113,6943539,49,10,1,"No Effect",FALSE,"3L",FALSE
"FBab0038132",7591,"Df(3L)Exel6112","FBab0038132","66B5;66C8",8096473,8358824,60,10,1,"No Effect",FALSE,"3L",FALSE
"FBab0038168",7929,"Df(3L)Exel8104","FBab0038168","65F7;66A4",7359986,7529263,72,10,1,"No Effect",FALSE,"3L",FALSE
"FBab0035555",8058,"Df(3L)ED4293","FBab0035555","63C1;63C1",3226338,3250564,45,10,1,"No Effect",FALSE,"3L",FALSE
"FBab0035340",8089,"Df(3L)ED230","FBab0035340","79C2;80A4",22134651,22834371,60,10,1,"No Effect",FALSE,"3L",FALSE
"FBab0043174",9697,"Df(3L)BSC220","FBab0043174","67B1;67B5",9349509,9423491,52,11,1,"No Effect",FALSE,"3L",FALSE
"FBab0044948",27888,"Df(3L)BSC845","FBab0044948","75F1;76A1",18972825,19171268,47,11,1,"No Effect",FALSE,"3L",FALSE
"FBab0029948",6867,"Df(3L)BSC27","FBab0029948","65D4;65E6",6942786,7156002,52,11,2,"No Effect",FALSE,"3L",FALSE
"FBab0035719",8068,"Df(3L)ED4470","FBab0035719","68A6;68E1",11096989,11833230,59,11,2,"No Effect",FALSE,"3L",FALSE
"FBab0035549",8096,"Df(3L)ED4287","FBab0035549","62B4;62E5",1795442,2551761,55,11,2,"No Effect",FALSE,"3L",FALSE
"FBab0035917",8098,"Df(3L)ED4674","FBab0035917","73B5;73E5",16661284,17049418,52,11,2,"No Effect",FALSE,"3L",FALSE
"FBab0045213",24399,"Df(3L)BSC375","FBab0045213","66A3;66A19",7517780,7911080,51,12,2,"No Effect",FALSE,"3L",FALSE
"FBab0035459",8050,"Df(3L)ED4196","FBab0035459","61C7;62A2",639583,1478937,46,12,3,"Suppressor",FALSE,"3L",FALSE
"FBab0035327",8061,"Df(3L)ED210","FBab0035327","64B9;64C13",4544234,5355342,71,12,3,"Suppressor",FALSE,"3L",FALSE
"FBab0035724",8069,"Df(3L)ED4475","FBab0035724","68C13;69B4",11587040,12408601,54,12,3,"Suppressor",FALSE,"3L",FALSE
"FBab0035791",8073,"Df(3L)ED4543","FBab0035791","70C6;70F4",13935225,14758040,56,12,3,"Suppressor",FALSE,"3L",FALSE
"FBab0035331",8074,"Df(3L)ED217","FBab0035331","70F4;71E1",14758070,15589096,65,12,3,"Suppressor",FALSE,"3L",FALSE
"FBab0036097",8088,"Df(3L)ED4858","FBab0036097","76D3;77C1",19895373,20401820,52,12,3,"Suppressor",FALSE,"3L",FALSE
"FBab0045681",24627,"Df(3L)ED50002","FBab0045681","61A1;61B1",1,128631,71,13,3,"Suppressor",FALSE,"3L",FALSE
"FBab0036254",8102,"Df(3L)ED5017","FBab0036254","80A4;80C2",22835497,22998301,74,12,3,"Suppressor",FALSE,"3L",FALSE
"FBab0035323",8047,"Df(3L)ED201","FBab0035323","61B1;61C1",123924,347941,74,13,4,"Suppressor",FALSE,"3L",FALSE
"FBab0036217",8101,"Df(3L)ED4978","FBab0036217","78D5;79A2",21533807,21880685,47,13,4,"Suppressor",FALSE,"3L",FALSE
"FBab0035670",8066,"Df(3L)ED4421","FBab0035670","66D12;67B3",8745326,9384075,52,15,6,"Suppressor",FALSE,"3L",FALSE
"FBab0030442",8947,"Df(1)ED6829","FBab0030442","5C7;5F3",5901976,6353095,40,14,3.5,"Suppressor",FALSE,"X",TRUE
"FBab0037806",7714,"Df(1)Exel6240","FBab0037806","6B2;6C4",6543963,6669856,42,13,2.5,"Suppressor",FALSE,"X",TRUE
"FBab0030782",8898,"Df(1)ED7170","FBab0030782","11B15;11E8",12752602,13277326,51,12,2.5,"Suppressor",FALSE,"X",TRUE
"FBab0030985",8954,"Df(1)ED7374","FBab0030985","15A1;15E3",16695187,17107632,48,13,2.5,"Suppressor",FALSE,"X",TRUE
"FBab0000370",977,"Df(1)DCB1-35b","FBab0000370","19F1;h26",21345088,22980721,49,13,2.5,"Suppressor",FALSE,"X",TRUE
"FBab0037820",7723,"Df(1)Exel6255","FBab0037820","20A1;20C1",21519203,22517665,35,13,2.5,"Suppressor",FALSE,"X",TRUE
"FBab0045426",25062,"Df(1)BSC534","FBab0045426","1D1;2A3",841105,1453730,49,10,1,"No Effect",FALSE,"X",TRUE
"FBab0045754",26541,"Df(2L)BSC689","FBab0045754","30F5;31B1",9984563,10198945,56,11,3.5,"Suppressor",FALSE,"2L",TRUE
"FBab0045031",23677,"Df(2L)BSC292","FBab0045031","23F6;24A2",3515462,3632008,36,10,3,"Suppressor",FALSE,"2L",TRUE
"FBab0045032",23680,"Df(2L)BSC295","FBab0045032","24D4;24F3",4031318,4455780,39,10,3,"Suppressor",FALSE,"2L",TRUE
"FBab0045753",26540,"Df(2L)BSC688","FBab0045753","22B1;22D6",1736964,2273383,41,10,2.5,"Suppressor",FALSE,"2L",TRUE
"FBab0045870",27353,"Df(2L)BSC781","FBab0045870","35F1;36A1",16325113,16417726,46,10,2.5,"Suppressor",FALSE,"2L",TRUE
"FBab0029725",6478,"Df(2L)BSC17","FBab0029725","30C3;30F1",9706076,9967228,47,9,2,"Suppressor",FALSE,"2L",TRUE
"FBab0045028",23662,"Df(2L)BSC277","FBab0045028","34A1;34B2",12832803,13257491,58,9,2,"Suppressor",FALSE,"2L",TRUE
"FBab0045029",23663,"Df(2L)BSC278","FBab0045029","35E1;35F1",16025369,16289284,47,9,2,"Suppressor",FALSE,"2L",TRUE
"FBab0045757",26544,"Df(2L)BSC692","FBab0045757","23B3;23B7",2830267,2868633,65,9,1.5,"No Effect",FALSE,"2L",TRUE
"FBab0045903",27383,"Df(2L)BSC812","FBab0045903","34B11;34E1",13421556,13878659,30,9,1.5,"No Effect",FALSE,"2L",TRUE
"FBab0041129",24135,"Df(2L)ED8142","FBab0041129","31E1;32A4",10413461,10684679,41,8,0.5,"No Effect",FALSE,"2L",TRUE
"FBab0045277",24959,"Df(2L)BSC455","FBab0045277","22D5;22E1",2242285,2374023,46,7,-0.5,"No Effect",FALSE,"2L",TRUE
"FBab0032201",24127,"Df(2L)ED489","FBab0032201","27E4;28B1",7204186,7576637,46,7,-0.5,"No Effect",FALSE,"2L",TRUE
"FBab0032429",24133,"Df(2L)ED690","FBab0032429","30B3;30E4",9437469,9918174,41,7,-0.5,"No Effect",FALSE,"2L",TRUE
"FBab0032793",9683,"Df(2R)ED1484","FBab0032793","42A2;42A14",5893637,6245428,52,10,1,"No Effect",FALSE,"2R",TRUE
"FBab0038054",7896,"Df(2R)Exel7162","FBab0038054","56F11;56F16",20245490,20313635,38,9,1,"No Effect",FALSE,"2R",TRUE
"FBab0045170",24379,"Df(2R)BSC355","FBab0045170","54B16;54C3",17462347,17536673,30,9,0,"No Effect",FALSE,"2R",TRUE
"FBab0038002",7546,"Df(2R)Exel6064","FBab0038002","53C11;53D11",16611633,16829074,51,7,-2,"Enhancer",FALSE,"2R",FALSE
"FBab0037760",7413,"Df(3R)BSC43","FBab0037760","92F7;93B6",20762299,21112185,49,11,2,"Suppressor",FALSE,"3R",TRUE
"FBab0045931",27580,"Df(3R)BSC819","FBab0045931","93A2;93B8",20851577,21060603,47,10,2,"Suppressor",FALSE,"3R",TRUE
"FBab0045290",24909,"Df(3R)BSC321","FBab0045290","96E6;96E9",25637827,25680519,33,10,2,"Suppressor",FALSE,"3R",TRUE
"FBab0036566",9077,"Df(3R)ED5330","FBab0036566","85A5;85D1",8669586,9229795,36,11,1,"No Effect",FALSE,"3R",TRUE
"FBab0038251",7675,"Df(3R)Exel6196","FBab0038251","95C12;95D8",23922133,24031427,31,10,1,"No Effect",FALSE,"3R",TRUE
"FBab0037500",29667,"Df(3R)ED6280","FBab0037500","98B6;98B6",27925135,27948760,65,10,1,"No Effect",FALSE,"3R",TRUE
"FBab0037564",24142,"Df(3R)ED6346","FBab0037564","100A5;100B1",30783562,31048884,48,9,1,"No Effect",FALSE,"3R",TRUE
"FBab0036386",8967,"Df(3R)ED5147","FBab0036386","82E7;83A1",5087120,5367804,30,10,0,"No Effect",FALSE,"3R",TRUE
"FBab0045361",25019,"Df(3R)BSC515","FBab0045361","88F6;89A8",15476612,15964109,50,8,0,"No Effect",FALSE,"3R",TRUE
"FBab0009957",1467,"Df(3R)P115","FBab0009957","89B7;89E7",16403690,17091532,48,8.5,-0.5,"No Effect",FALSE,"3R",TRUE
"FBab0029731",6962,"Df(3R)ED2","FBab0029731","91A5;91F1",18399231,19096771,44,8,-1,"No Effect",FALSE,"3R",TRUE
"FBab0038256",7680,"Df(3R)Exel6201","FBab0038256","96C2;96C4",25137839,25196998,46,8,-1,"No Effect",FALSE,"3R",TRUE
"FBab0002670",1990,"Df(3R)Tpl10","FBab0002670","83C1;84B2",5758997,6896252,44,7,-2,"Enhancer",FALSE,"3R",TRUE
"FBab0045301",24983,"Df(3R)BSC479","FBab0045301","86A3;86C7",10265599,10854406,37,6,-2,"Enhancer",FALSE,"3R",TRUE
